{"teff_max": 51999.74055365767, "teff_min": 29000.333451708655, "logg_max": 4.299980982924453, "logg_min": 3.400079439171842, "radius_max": 20.999309125403542, "radius_min": 6.00065011251423, "logmdot_max": -5.200030168008526, "logmdot_min": -7.499977302387164, "yhe_max": 0.14999944919328934, "yhe_min": 0.0800020843779321, "vrot_max": 399.0, "vrot_min": 50.0}